Model,RMSE,MAE,R2
Random Forest,0.27470176632774124,0.19391178937396142,0.5281366977852986
XGBoost,,,
