Model,RMSE,MAE,R2
Random Forest without ln_yield_lag1,0.42298763613001417,0.3126368870849254,-0.11879017851580631
